hash,nonce,block_hash,block_number,transaction_index,from_address,to_address,value,gas,gas_price,input
0xecebe96fc1f70522ed3240b7ae53ce75ae87d33d697990cc0e78738a215051c2,966211,0xc81c770768fc3ad231db3d27d2542fb1a65cf8dc94622375b7f90eaf05e898e3,3903912,1,0x61c808d82a3ac53231750dadc13c777b59310bd9,0x55d34b686aa8c04921397c5807db9ecedba00a4c,100000000000000000000,200000,49999780307,0x
0x5dba438310a3be88227784a4806f438da6a2206c855b895c6885f47e9eb7e2b3,966193,0x94b21627a5faf6bc13a6a3a0ba1ce90f42075376ad0cbe0991c7392209cd00d2,3903677,6,0x61c808d82a3ac53231750dadc13c777b59310bd9,0xed66594831aec877f0fb2bc215cc4fbf3b8e2246,100000000000000000000,90000,52178310228,0x
0x59a258fff83155a80475d9d17e1a5cbdcf2669d7ac73be512aca2bbb0831b92b,966194,0xe98ebce374f0d12e4c19e125b86519eabd59930f24f53d8be4de43a20b76c659,3903679,6,0x61c808d82a3ac53231750dadc13c777b59310bd9,0x0886d80ad2d871d376f6bd1efd8d91ff3bbf2ec1,100000000000000000000,90000,52178310228,0x
0x9e4d987edcb4036b7c9f3ed85d8f0d9a90bb1af52defab999c4c61418ca6fbbe,966201,0xb16d2fab439e75f3592bdeaafa8d7a9129946fb066e47e6f849220aeb97b3d01,3903697,6,0x61c808d82a3ac53231750dadc13c777b59310bd9,0x87cee59aab634f04761364c2ea7b8bf7b9176c1d,100000000000000000000,90000,52178310228,0x
0x9d8a616eb273054222bc02ceec6fc621991ba8cd1c9d8c626ebc19e4e31d5456,966195,0xf857839be656b32643b0b188a04cdf95e34949bcd1a0ec7a36e1151c37a1b06c,3903681,8,0x61c808d82a3ac53231750dadc13c777b59310bd9,0x47b23b858f85f3f49d350c06a5bf241de471c3b5,100000000000000000000,90000,52178310228,0x
0x4a64a20ae72034a81605b314b3e6d38d7bd57bb01649785fa7bea306fb473efc,966187,0x8727d75664b957f16686fe54e39828ad9d9656eecb5364939dfec6b94ca8a9e8,3903664,9,0x61c808d82a3ac53231750dadc13c777b59310bd9,0xfb4c27ec765b59ab6228ff41618107b5df88ca5a,100000000000000000000,90000,52178310228,0x
0x2f64931eaf4db0c2fbce3e903a742a520c49f3c276e44baf614c73d29a13307d,966198,0xad37fbdb34ab731d90f014860d1bcbf1c64150db22facf8ab3ed0d7de98df34d,3903688,9,0x61c808d82a3ac53231750dadc13c777b59310bd9,0xd5596d10cdb3327570e20cd2f8bd1cd1ebc0f499,100000000000000000000,90000,52178310228,0x
0x159d1f24f5b5570d811e2a3d3b2de24004458d39056a1641d7bb7cb4045a39fa,966206,0xc2d908110822d0c1be734b271580dcb322230530555f1aefbbc315e58e58ca52,3903714,10,0x61c808d82a3ac53231750dadc13c777b59310bd9,0x2e4410de82f0718e91956b764a3ffbb2bc3f6e3b,100000000000000000000,90000,52178310228,0x
0xdfdbcd9798851e3f67b697d899369314a7356e51847ed2a2948b0b3e228501e8,966210,0x793c95bd0a4a4125b6f1b454d98f6ef68bfe021c91e0c6923631632134248a4c,3903724,10,0x61c808d82a3ac53231750dadc13c777b59310bd9,0x510b15da0ec1f09a9657c6d68ec6a3cc5ae62727,100000000000000000000,90000,52178310228,0x
0xd0aed91f112c889057324c909bebb3fb296377c2a79b090d9f5068e4c049893d,966197,0xd1f4469516771e61053b541f47f014d4f77c877e9618ff7aa547cc43a3f643a3,3903686,10,0x61c808d82a3ac53231750dadc13c777b59310bd9,0x519b42efda6cdd249e11bc1aa1549d3946794a64,100000000000000000000,90000,52178310228,0x
0x28589068f41192abb0e6950c2475a0ca8326cf042136a85d600fd73f1090b45e,966200,0xdb008cc31fe92bf8acca4e0f986179475672f3f8d1d5e57b07c07181eb967884,3903695,10,0x61c808d82a3ac53231750dadc13c777b59310bd9,0x0af146ad5c363cd9e862bac29fd1437960773417,100000000000000000000,90000,52178310228,0x
0x32c8902d4f372ed4a4c24502e85a7f8fc6291ee0d667bbc6af85edc72b1e8990,966202,0x32f262a59d337848e3f1cd0b2b2502d359ac93c22a917d495bd9f6d7907aa59c,3903701,10,0x61c808d82a3ac53231750dadc13c777b59310bd9,0x9985f3d48e5ce0311991a7ff43b2b62e7eb922c8,100000000000000000000,90000,52178310228,0x
0x73a56a6e2beec153904a42671ded22ff86b94ff998ef58566ce196449b137a63,966209,0x4ceb140637de14680630bcb7cc7559fdb5b53114ab1bd45d6775ef6ede842812,3903722,11,0x61c808d82a3ac53231750dadc13c777b59310bd9,0x0ed47f2c6255f18afcd4fcbde57d4a4bc438e0b7,100000000000000000000,90000,52178310228,0x
0x6c7b611f888a4e6aa437fc3dd46918be8e35f79be226f8e3b7220be2d7de1692,966185,0xa0616a7764db7bfc8592b6e41877436fb081758f4aca58944202d3ce3a9db29c,3903659,12,0x61c808d82a3ac53231750dadc13c777b59310bd9,0x9827b7cb32c9844de05c5afa83f18e9c4ae040c0,100000000000000000000,90000,52178310228,0x
0x51253e579721253620559bdee9071714dcffdbb1fc874e0b05237498a8ced9ce,966196,0xdb56c84b2c8532cb30212e849193451cb2045da44247f67e927434982e6ee780,3903684,13,0x61c808d82a3ac53231750dadc13c777b59310bd9,0xa3a417af5c66df4219b134099611e97430aede6d,100000000000000000000,90000,52178310228,0x
0x01c1ed7bad13aeb43e6bea6e29eb36b8c9f0cbd3cfad0a1c749356e00ae39450,966181,0xb5559c367a58904490d9a31a611990d010ec98eefe4ac049021dffda6e6dcb22,3903651,14,0x61c808d82a3ac53231750dadc13c777b59310bd9,0x6ed67399ebf0ed57a7cc66d61c268acd646b3e30,100000000000000000000,90000,52178310228,0x
0xdcf8602a140ccb63e0a82ce5ff5a8fafb65a76d89d326365dfecb6883d543698,966182,0x403601769657f20559fcb930e00e490b51288d8667385bc0a51778b5408d0be7,3903653,15,0x61c808d82a3ac53231750dadc13c777b59310bd9,0x1efa9fdca0706e28bec906f45e3ba600f6e84e6e,100000000000000000000,90000,52178310228,0x
0x5d8d70e613593cc4c506b1985197d81a7efbd124048dad21dfab13dce9d4c30c,966188,0xde1166710e08d6b06066de3e72e803e50b59d94c09ecc327a43c404c1bc35587,3903666,16,0x61c808d82a3ac53231750dadc13c777b59310bd9,0xdbbd64d06d20ff8b0c085220007043caaaa97120,100000000000000000000,90000,52178310228,0x
0x3ce22645a883a136b7645cdb44578240ad8733b9ed12f5960a9f73e79d5fc2d8,966204,0xe77afbdaad8e6c64444105d4e2d11b3fa5a97a718ae53018a2776e2524b9603d,3903708,19,0x61c808d82a3ac53231750dadc13c777b59310bd9,0x00a6e8338caa05d310859819b1dcc0b02d091c2c,100000000000000000000,90000,52178310228,0x
0x006ed8490777c902f674f16f51c99fe4a1c57c3a03f649a9fc7f120019dcff4e,966199,0xe3a3b4622694714ca777bbdbec2867edbda42f2a5f9bb3dcc04fd156545ee381,3903693,19,0x61c808d82a3ac53231750dadc13c777b59310bd9,0x1988a53b1b0da923fafb2d997bcdf5a99a516289,100000000000000000000,90000,52178310228,0x
0x0b352db9735441e568400eb9d31f85edeb5ce75ac0c56ed59825b4aee2dfdb54,966186,0xc4e2f3b8fedcca0aa360b696b20054d13f59851ca5a5b0c04c4029a6b7962d6d,3903661,20,0x61c808d82a3ac53231750dadc13c777b59310bd9,0x1e5260ed8dbd6e947ff87e2d20cf15af9ad73805,100000000000000000000,90000,52178310228,0x
0x4ea5ab90ade97ae08438ecfea2860411ffc2b1ebc9c87825dba85a60c12d86e0,966191,0x5db501c4f6d5cf75cf6dec3267b46d6356f209b53d9b701fce2ba9635c805ff5,3903672,20,0x61c808d82a3ac53231750dadc13c777b59310bd9,0x7fdd87a6fc024dcef7c3e607db5222fc01ee3b9a,100000000000000000000,90000,52178310228,0x
0x149c59aaa46c9dfdca6af358175da9e0c803c71ff8d3420459de99caf0fbfd71,966205,0xd3c9d22d1bd9e80ca28688e95d76616802c66f821ba2150ad868d6b4982106ce,3903711,21,0x61c808d82a3ac53231750dadc13c777b59310bd9,0x8b1f94228688d866bc649725494e58c6493ade40,100000000000000000000,90000,52178310228,0x
0x660f774d7edd30479d83eb6b715232a60dfc81c6d37f773c7a9d8d3223609968,966183,0xff3c702bb2cade9c3b968bec98a3d3e03a9b774c975edc880763fcfe00c19d05,3903655,22,0x61c808d82a3ac53231750dadc13c777b59310bd9,0xde5de04450ef1d26afe288abb3a24850e73f1626,100000000000000000000,90000,52178310228,0x
0x2c6968f41b142e4fbef4ecf86e754ad01700f97612e89e3967ae81223b2800e8,966207,0xd262adfddc2d4368e6df747cdab3c24594125283393f1c31a763a8b93a2a57e6,3903717,24,0x61c808d82a3ac53231750dadc13c777b59310bd9,0x79ed5c08cf6d3b97648577587e7dc5954d9e640b,100000000000000000000,90000,52178310228,0x
0xfb492fe7498a150519233c972755ba36729f0f91df7966870403be6df07a1435,966203,0xd9a1839ef9017971dc9ff0344b64d71b7095dd0c5bd696d8272dc3bae90c9712,3903705,25,0x61c808d82a3ac53231750dadc13c777b59310bd9,0x8e9da799f68a9222e8205ce64bae56f213a4e159,100000000000000000000,90000,52178310228,0x
0x97eed8897f9c9dbbed35ceca4975b5948c113de8cdc60d554cf5c04a52e5c9a1,966208,0x4fdc5b232fcc3076baf96e89e8f0948b3980b9a1f86d78ca65d82f8197f37d3d,3903720,26,0x61c808d82a3ac53231750dadc13c777b59310bd9,0x0b8b46da3ebacc566f92220b079a445ed4c52f29,100000000000000000000,90000,52178310228,0x
0x26d69797ca61c79370dd099a74b4a0e4cdf03be1844d641be75a9728986784ca,966189,0xe6c550ac02ff1deb217d8b212ebf88419ce0b7f3c2194915a8a5d9b02d1ac1c8,3903668,27,0x61c808d82a3ac53231750dadc13c777b59310bd9,0x12b95917ebb90f213ccda87d7add94132d0f9d99,100000000000000000000,90000,52178310228,0x
0x75b58f8572dfc4a2b49484bf9f441882cddad55c440630e113559234fef63ad1,966192,0x398f159bf074dbdf8e187b739ebfb49696b7f4625d8c77ee6e9d7555b9c355cb,3903675,37,0x61c808d82a3ac53231750dadc13c777b59310bd9,0x03e4f0b034c79d2fbb27f2e2db76183acf97dd22,100000000000000000000,90000,52178310228,0x
0xdce63c29b197c17bda9089674f63819c839bae05c4490e5e94b49f57564de7a2,966190,0xfdecc1739629a331a1a7072ab702c63c47ecc010ea6294566f3dd7a5ca517205,3903670,96,0x61c808d82a3ac53231750dadc13c777b59310bd9,0x5fb8373bf5086fb38ef0fb686b3092145de0d1c1,100000000000000000000,90000,52178310228,0x
0xa46fb149c2bd5ae1a0a915cdc9807ab6648d07d57466225d86660e65d0aa2d99,966184,0x0e09a88cb15624a39fe146fe021dec6fb1502fd1d95eafd5d2528e5a30a29a89,3903657,126,0x61c808d82a3ac53231750dadc13c777b59310bd9,0x2aaa57b8600a53a68764a5a09ad3b78b971c275d,100000000000000000000,90000,52178310228,0x
0xcef0671ed9c29a22331a36cba3ea9275a15cf4da9f5b9b76c88aad9cfcbc1f35,968206,0x460398ac95bde567fe4c10963cce50a54d5cdb8905dc916ab860f37ffb3efbdd,4946558,219,0x61c808d82a3ac53231750dadc13c777b59310bd9,0xd0a6e6c54dbc68db5db3a091b171a77407ff7ccf,100000000000000000000,61699,45000000000,0x
